City_ID,City,Lat,Lng,Max Temp,Humidity,Cloudiness,Wind Speed,Country,Date
0,clarksdale,34.2001,-90.5709,6.62,84,0,2.06,US,1708417012
1,adamstown,-25.066,-130.1015,25.52,87,45,5.27,PN,1708417013
2,quelimane,-17.8786,36.8883,26.97,94,75,3.93,MZ,1708417013
3,korla,41.7597,86.1469,-2.78,24,100,2.48,CN,1708417014
4,port elizabeth,-33.918,25.5701,31.17,75,0,4.63,ZA,1708417015
5,curup,-3.4667,102.5333,25.26,92,100,0.65,ID,1708417015
6,dampit,-8.2116,112.7493,28.77,78,69,1.67,ID,1708417016
7,new norfolk,-42.7826,147.0587,21.72,63,100,1.39,AU,1708417017
8,iquitos,-3.7481,-73.2472,25.02,100,100,0.0,PE,1708417018
9,talnakh,69.4865,88.3972,-17.11,95,100,6.15,RU,1708417018
10,waitangi,-43.9535,-176.5597,13.23,81,96,2.24,NZ,1708417019
11,uryv-pokrovka,51.1159,39.1639,-4.34,82,81,2.43,RU,1708417019
12,enewetak,11.3474,162.3373,26.54,71,96,9.78,MH,1708417020
13,constantia,44.1833,28.65,7.61,73,14,2.62,RO,1708416845
14,anadyr,64.75,177.4833,-12.72,85,75,3.0,RU,1708417021
15,aasiaat,68.7098,-52.8699,-12.99,99,83,1.96,GL,1708417022
16,mili,6.0815,171.735,27.74,85,99,7.81,MH,1708416926
17,albany,42.6001,-73.9662,-9.19,66,0,1.39,US,1708416917
18,dourbali,11.8091,15.8632,29.9,10,15,4.75,TD,1708417024
19,saipan,15.1355,145.701,26.39,73,40,10.29,MP,1708417025
20,ola,59.5833,151.2833,-21.59,82,100,5.19,RU,1708417030
21,piacabucu,-10.4056,-36.4344,25.97,89,100,1.76,BR,1708417031
22,edinburgh of the seven seas,-37.0676,-12.3116,15.3,63,99,3.46,SH,1708417031
23,greymouth,-42.4667,171.2,11.75,69,1,1.81,NZ,1708417032
24,iskateley,67.6803,53.1512,-7.77,91,100,9.83,RU,1708417032
25,guerrero negro,27.9769,-114.0611,14.2,78,0,4.11,MX,1708417034
26,midvagur,62.0511,-7.1939,7.46,70,75,7.72,FO,1708417034
27,san jose del guaviare,2.5729,-72.6459,23.13,70,100,0.63,CO,1708417035
28,grytviken,-54.2811,-36.5092,0.93,79,15,5.42,GS,1708417036
29,ancud,-41.8697,-73.8203,13.0,96,34,0.47,CL,1708417036
30,acarau,-2.8856,-40.12,25.27,88,100,1.44,BR,1708417037
31,stanley,54.868,-1.6985,9.04,82,0,2.06,GB,1708417038
32,ribeira grande,38.5167,-28.7,16.54,100,40,3.58,PT,1708417038
33,kingston,17.997,-76.7936,23.47,95,21,1.25,JM,1708416716
34,sarupathar,26.1984,93.8094,28.12,38,66,2.98,IN,1708417040
35,ust-nera,64.5667,143.2,-29.51,99,100,1.66,RU,1708417040
36,ushuaia,-54.8,-68.3,8.81,93,75,8.23,AR,1708417003
37,urucui,-7.2294,-44.5561,23.23,98,100,0.33,BR,1708417042
38,northam,51.0333,-4.2167,9.66,97,100,7.18,GB,1708417042
39,port-aux-francais,-49.35,70.2167,6.44,89,99,13.3,TF,1708417043
40,atafu village,-8.5421,-172.5159,28.83,75,100,3.39,TK,1708417044
41,nyurba,63.2842,118.3319,-18.44,94,100,3.06,RU,1708417044
42,concepcion del oro,24.6333,-101.4167,10.11,32,0,0.85,MX,1708417045
43,kapa'a,22.0752,-159.319,23.18,67,100,5.14,US,1708417045
44,yelizovo,53.1873,158.3805,-4.92,79,75,1.0,RU,1708417046
45,tazovsky,67.4667,78.7,-12.72,89,92,8.69,RU,1708417047
46,borovichi,58.3878,33.9155,-8.88,92,99,3.58,RU,1708416980
47,rovaniemi,66.5,25.7167,-11.33,85,20,2.57,FI,1708417048
48,uturoa,-16.7333,-151.4333,27.9,75,100,2.43,PF,1708417049
49,margate,51.3813,1.3862,7.05,90,100,3.58,GB,1708417049
50,georgetown,5.4112,100.3354,31.97,69,20,4.12,MY,1708417050
51,ilulissat,69.2167,-51.1,-7.99,93,24,2.06,GL,1708417051
52,port mathurin,-19.6833,63.4167,26.49,63,48,9.22,MU,1708417051
53,yaren,-0.5472,166.916,29.39,78,100,6.44,NR,1708417052
54,marat,25.0701,45.4615,21.7,27,0,0.61,SA,1708417052
55,raduzhny,62.0961,77.475,-13.25,91,96,6.27,RU,1708417053
56,west island,-12.1568,96.8225,30.99,66,40,3.6,CC,1708417054
57,invercargill,-46.4,168.35,12.23,71,8,7.6,NZ,1708417054
58,college,64.8569,-147.8028,-1.01,67,75,3.6,US,1708417055
59,tarsus,36.9188,34.8784,14.93,53,3,2.62,TR,1708417056
60,udachny,66.4167,112.4,-19.2,83,87,1.06,RU,1708417044
61,puerto natales,-51.7236,-72.4875,11.71,89,100,3.65,CL,1708417057
62,gorontalo,0.5412,123.0595,29.26,76,85,0.85,ID,1708417058
63,fort frances,48.5999,-93.4003,-5.53,76,0,2.06,CA,1708416941
64,kaspiyskiy,45.3929,47.3707,0.4,73,59,6.51,RU,1708417059
65,longyearbyen,78.2186,15.6401,-15.09,78,0,3.6,SJ,1708417059
66,lebu,-37.6167,-73.65,14.04,95,100,2.06,CL,1708417060
67,tsiombe,-25.3,45.4833,28.79,50,16,4.08,MG,1708417061
68,iqaluit,63.7506,-68.5145,-30.15,67,0,11.83,CA,1708417061
69,prineville,44.2999,-120.8345,5.06,97,100,0.89,US,1708417062
70,huarmey,-10.0681,-78.1522,23.8,82,81,1.95,PE,1708417062
71,rafah,31.287,34.2595,16.24,55,51,4.77,PS,1708417063
72,egilsstadir,65.2653,-14.3948,2.95,70,20,7.2,IS,1708417064
73,asau,46.4333,26.4,-0.4,64,100,0.65,RO,1708417065
74,hawaiian paradise park,19.5933,-154.9731,18.35,96,100,2.06,US,1708417065
75,tarauaca,-8.1614,-70.7656,23.04,99,95,1.03,BR,1708416823
76,hamilton,39.1834,-84.5333,2.22,74,0,2.57,US,1708416847
77,margaret river,-33.95,115.0667,26.05,58,100,3.53,AU,1708417067
78,yellowknife,62.456,-114.3525,-18.66,92,100,4.12,CA,1708416957
79,papatowai,-46.5619,169.4708,11.18,65,13,7.89,NZ,1708417068
80,onega,63.9061,38.1404,-4.17,88,100,6.59,RU,1708417069
81,bilibino,68.0546,166.4372,-27.4,87,24,3.25,RU,1708417070
82,port lincoln,-34.7333,135.8667,22.49,64,1,7.1,AU,1708417070
83,fale old settlement,-9.3852,-171.2468,28.94,73,100,3.53,TK,1708417071
84,tayoltita,24.0833,-105.9333,14.46,36,0,3.57,MX,1708417071
85,blackmans bay,-43.0167,147.3167,21.07,65,100,0.89,AU,1708417072
86,ocean city,39.2776,-74.5746,-0.01,70,0,3.58,US,1708416849
87,dunedin,-45.8742,170.5036,13.22,58,3,5.36,NZ,1708416985
88,tondano,1.3038,124.9112,23.05,78,61,2.3,ID,1708417075
89,isangel,-19.55,169.2667,26.55,87,97,4.13,VU,1708417076
90,ponnani,10.767,75.9252,32.62,53,5,4.81,IN,1708417076
91,msanga,-6.05,36.0333,26.38,73,34,0.7,TZ,1708417077
92,banyoles,42.1167,2.7667,13.03,58,96,1.07,ES,1708417078
93,kismayo,-0.3582,42.5454,29.5,65,26,6.61,SO,1708417078
94,enoch,37.7733,-113.0244,7.49,61,100,4.12,US,1708417079
95,port blair,11.6667,92.75,31.02,37,100,4.63,IN,1708417079
96,taltal,-25.4,-70.4833,19.6,83,39,0.13,CL,1708417080
97,auriflama,-20.6856,-50.5547,20.52,94,47,2.04,BR,1708417081
98,happy valley-goose bay,53.3168,-60.3315,-15.83,66,75,5.14,CA,1708417081
99,rundu,-17.9333,19.7667,30.52,35,60,4.16,NA,1708417082
100,ulladulla,-35.35,150.4667,22.03,76,77,1.91,AU,1708417083
101,hasaki,35.7333,140.8333,17.38,84,100,10.97,JP,1708417083
102,tiksi,71.6872,128.8694,-36.7,97,41,1.8,RU,1708417084
103,cockburn town,21.4612,-71.1419,25.15,80,0,5.49,TC,1708417084
104,port augusta,-32.5,137.7667,34.54,19,100,1.97,AU,1708417085
105,bredasdorp,-34.5322,20.0403,29.75,34,20,3.08,ZA,1708417086
106,ghat,24.9647,10.1728,16.82,23,0,1.94,LY,1708417086
107,olutanga,7.3106,122.8464,28.5,69,100,2.53,PH,1708417087
108,wailua homesteads,22.0669,-159.378,22.44,68,100,5.14,US,1708417088
109,afaahiti,-17.75,-149.2833,27.93,80,100,2.28,PF,1708417088
110,holmsund,63.706,20.3641,-3.03,93,100,1.54,SE,1708417089
111,zeya,53.75,127.2667,-20.29,61,98,4.84,RU,1708417090
112,pattoki,31.0167,73.85,25.56,26,0,4.54,PK,1708417018
113,afif,23.9065,42.9172,19.67,22,4,1.27,SA,1708417091
114,palmer,42.1584,-72.3287,-6.03,58,0,0.0,US,1708417091
115,olonkinbyen,70.9221,-8.7187,0.17,99,100,6.95,SJ,1708417093
116,kourou,5.1552,-52.6478,26.03,86,94,3.95,GF,1708417093
117,praia,14.9215,-23.5087,24.3,60,1,9.77,CV,1708417094
118,daru,-9.0763,143.2092,28.35,83,93,3.57,PG,1708417095
119,nouadhibou,20.931,-17.0347,19.99,40,0,6.17,MR,1708417095
120,quepos,9.4236,-84.1652,25.79,72,86,2.32,CR,1708417096
121,thompson,55.7435,-97.8558,-27.91,76,20,0.0,CA,1708417096
122,vilyuysk,63.7553,121.6247,-30.0,99,95,1.34,RU,1708417097
123,nova sintra,14.8667,-24.7167,21.16,75,0,7.01,CV,1708417098
124,tual,-5.6667,132.75,28.98,78,38,4.57,ID,1708417098
125,aars,56.804,9.5144,5.77,90,99,5.74,DK,1708417099
126,petropavlovsk-kamchatsky,53.0452,158.6483,-5.67,91,75,2.24,RU,1708417099
127,puerto deseado,-47.7503,-65.8938,15.37,81,7,5.31,AR,1708417100
128,roxas,11.5853,122.7511,26.75,67,23,4.21,PH,1708417101
129,luanda,-8.8368,13.2343,27.0,89,75,3.09,AO,1708417038
130,vilyuchinsk,52.9306,158.4028,-4.85,90,99,4.44,RU,1708417102
131,tuba city,36.135,-111.2399,8.64,49,100,2.59,US,1708417103
132,nar'yan-mar,67.6713,53.087,-7.72,91,100,9.83,RU,1708417103
133,khovd,48.0056,91.6419,-19.0,55,100,2.5,MN,1708417104
134,port alfred,-33.5906,26.891,27.28,62,0,9.26,ZA,1708417104
135,delvada,20.7667,71.0333,28.93,45,0,7.0,IN,1708417105
136,ilebo,-4.3167,20.5833,29.89,61,100,1.6,CD,1708417042
137,dutse,11.7594,9.3392,26.09,13,6,3.14,NG,1708417106
138,santa elena de uairen,4.6167,-61.1333,17.14,83,99,2.08,VE,1708417107
139,la ronge,55.1001,-105.2842,-18.86,78,0,1.03,CA,1708417108
140,bethel,41.3712,-73.414,-4.17,61,0,0.0,US,1708417108
141,kone,-21.0595,164.8658,26.84,77,73,1.3,NC,1708417109
142,brookings,44.3114,-96.7984,-3.08,96,0,2.06,US,1708417109
143,aoulef,26.9667,1.0833,18.09,32,0,8.39,DZ,1708417110
144,prince rupert,54.3161,-130.3201,5.83,100,0,3.09,CA,1708417111
145,badger,64.8,-147.5333,-1.05,73,75,3.6,US,1708417111
146,camana,-16.6228,-72.7111,23.05,87,100,1.14,PE,1708417112
147,visby,57.6409,18.296,1.69,100,100,3.09,SE,1708416832
148,acapulco de juarez,16.8634,-99.8901,22.9,78,0,2.06,MX,1708417113
149,howard springs,-12.497,131.047,30.55,86,3,4.36,AU,1708417114
150,ennis,52.8436,-8.9864,11.96,87,75,5.66,IE,1708417114
151,opuwo,-18.0607,13.84,28.86,35,98,5.71,NA,1708417115
152,forbes,-33.3833,148.0167,28.29,40,38,5.96,AU,1708417116
153,kudat,6.8837,116.8477,29.96,74,20,4.12,MY,1708417041
154,mournies,35.4764,24.0092,16.57,82,40,2.06,GR,1708417118
155,rekhasim,32.75,35.1,15.82,74,20,3.6,IL,1708417118
156,st. john's,47.5649,-52.7093,-3.34,90,75,8.75,CA,1708417120
157,coyhaique,-45.5752,-72.0662,15.34,72,0,2.06,CL,1708417120
158,kodiak,57.79,-152.4072,5.73,87,100,7.72,US,1708417121
159,nema,57.5067,50.5011,-8.2,95,100,2.64,RU,1708417121
160,vila franca do campo,37.7167,-25.4333,18.27,99,80,3.36,PT,1708417122
161,lae,-6.7221,146.9847,29.37,89,100,1.96,PG,1708417123
162,celestun,20.8667,-90.4,18.11,79,0,3.18,MX,1708417123
163,westport,41.1415,-73.3579,-2.32,51,0,4.12,US,1708417124
164,sinabang,2.4803,96.3801,26.66,86,100,2.48,ID,1708417124
165,qusmuryn,52.4503,64.6311,-19.19,73,14,3.38,KZ,1708417125
166,aykhal,66.0,111.5,-19.33,94,100,1.58,RU,1708417126
167,masterton,-40.9597,175.6575,12.71,72,73,1.56,NZ,1708417126
168,nacala,-14.5428,40.6728,31.62,62,40,1.54,MZ,1708417047
169,minas de marcona,-15.2119,-75.1103,18.89,86,72,2.65,PE,1708417127
170,ipora,-16.4419,-51.1178,20.8,97,100,2.08,BR,1708417128
171,tolanaro,-25.0319,46.9987,27.74,54,0,5.99,MG,1708417129
172,fuglafjordur,62.244,-6.814,7.26,74,3,9.05,FO,1708417129
173,princeville,45.7668,-61.2985,-6.43,76,20,7.2,CA,1708417130
174,mountain home,43.133,-115.6912,5.79,89,75,7.72,US,1708417126
175,christchurch,-43.5333,172.6333,13.84,52,1,6.17,NZ,1708416681
176,avarua,-21.2078,-159.775,24.03,94,75,6.17,CK,1708417132
177,mbeya,-8.9,33.45,22.03,70,82,0.58,TZ,1708417132
178,faya-largeau,17.9257,19.1043,22.94,14,93,8.75,TD,1708417133
179,peniche,39.3558,-9.3811,11.98,98,0,2.7,PT,1708417133
180,scarborough,54.2797,-0.4044,7.73,87,100,4.02,GB,1708417134
181,rafsanjan,30.4067,55.9939,10.38,31,0,3.71,IR,1708417135
182,mata-utu,-13.2816,-176.1745,28.46,82,100,5.94,WF,1708417135
183,payyannur,12.1,75.2,32.6,48,2,5.15,IN,1708417136
184,lompoc,34.6391,-120.4579,13.77,88,0,3.6,US,1708416875
185,qaqortoq,60.7167,-46.0333,-2.01,67,100,4.1,GL,1708417137
186,las toscas,-28.3529,-59.258,21.11,76,0,2.34,AR,1708417138
187,pago pago,-14.2781,-170.7025,27.55,100,100,7.2,AS,1708417139
188,mitsamiouli,-11.3847,43.2844,29.28,74,25,4.02,KM,1708417140
189,plastun,44.7561,136.2939,-10.71,51,58,6.17,RU,1708417140
190,viqueque,-8.8673,126.3658,30.37,71,68,1.29,TL,1708417141
191,hammerfest,70.6634,23.6821,-4.75,63,75,2.06,NO,1708417141
192,anicuns,-16.4611,-49.9617,20.59,98,100,3.38,BR,1708417012
193,island harbour,50.724,-1.2758,9.4,94,100,2.24,GB,1708417143
194,belmonte,-15.8631,-38.8828,25.5,87,99,5.52,BR,1708417143
195,la'ie,21.6477,-157.9253,22.01,66,100,1.34,US,1708417144
196,galliano,29.4422,-90.2992,6.67,77,0,2.31,US,1708417101
197,codrington,-38.2667,141.9667,20.21,65,100,3.3,AU,1708417146
198,alto araguaia,-17.3147,-53.2153,19.95,98,100,1.74,BR,1708417146
199,winnemucca,40.973,-117.7357,4.03,60,40,4.63,US,1708417147
200,gadzhiyevo,69.2551,33.3362,-6.09,65,86,9.27,RU,1708417148
201,chardara,41.2547,67.9692,-0.21,78,95,2.0,KZ,1708417133
202,angaur state,6.906,134.13,27.77,80,15,6.33,PW,1708417149
203,kiffa,16.6166,-11.4045,19.42,24,0,6.33,MR,1708417150
204,cururupu,-1.8283,-44.8683,23.46,95,99,1.85,BR,1708417150
205,vadso,70.0744,29.7487,-7.51,73,20,8.75,NO,1708417152
206,tura,25.5198,90.2201,27.69,33,0,3.37,IN,1708417152
207,sam roi yot,12.2708,99.872,33.31,54,74,7.02,TH,1708416979
208,utrik,11.2278,169.8474,26.92,86,64,6.66,MH,1708417153
209,chonchi,-42.6128,-73.8092,13.56,98,93,1.3,CL,1708417154
210,san mateo ixtatan,15.8319,-91.4781,4.92,91,20,1.76,GT,1708417155
211,ramapuram,13.1167,79.2,33.15,28,0,3.25,IN,1708417155
212,palembang,-2.9167,104.7458,31.79,65,97,1.56,ID,1708417156
213,kawambwa,-9.7915,29.0791,20.84,85,100,1.3,ZM,1708417157
214,san patricio,28.017,-97.5169,14.91,93,0,2.74,US,1708417157
215,pimentel,-6.8367,-79.9342,25.16,73,100,3.6,PE,1708417158
216,vorgashor,67.5833,63.95,-8.67,93,100,10.43,RU,1708417159
217,puerto madero,14.7208,-92.4215,25.45,74,0,2.36,MX,1708417160
218,newport,51.5877,-2.9984,10.13,95,100,5.54,GB,1708416874
219,nemuro,43.3236,145.575,-2.59,66,99,10.94,JP,1708417161
220,bereeda,11.8704,51.0579,27.59,55,43,5.08,SO,1708417161
221,utete,-7.986,38.758,29.06,83,97,1.63,TZ,1708417162
222,fremantle,-32.05,115.7667,41.05,20,100,5.66,AU,1708417048
223,isafjordur,66.0755,-23.124,3.02,70,75,4.12,IS,1708417163
224,mana,5.6592,-53.7767,24.5,84,100,4.67,GF,1708417164
225,palikir - national government center,6.9248,158.1611,27.41,83,100,4.63,FM,1708417165
226,sabang,5.8933,95.3214,28.13,76,52,4.09,ID,1708417165
227,whitehorse,60.7161,-135.0538,-4.57,86,0,0.0,CA,1708417166
228,klaksvik,62.2266,-6.589,7.51,73,3,9.99,FO,1708417167
229,jamestown,42.097,-79.2353,-3.49,89,98,0.89,US,1708417106
230,piedras negras,28.7,-100.5167,12.93,72,0,3.46,MX,1708417168
231,punta arenas,-53.15,-70.9167,11.06,82,100,11.32,CL,1708417169
232,green river,41.5286,-109.4662,-1.01,96,100,2.8,US,1708417169
233,okha,53.5739,142.9478,-26.85,77,6,8.55,RU,1708417170
234,lukolela,-1.0605,17.1821,28.64,66,96,1.9,CD,1708417170
235,quarai,-30.3875,-56.4514,20.3,89,0,3.26,BR,1708417171
236,vorkuta,67.5,64.0,-8.29,94,100,10.36,RU,1708417049
237,uray,60.1247,64.7758,-9.51,89,96,4.92,RU,1708417178
238,pandan,14.0453,124.1694,26.88,76,61,6.32,PH,1708417178
239,namsos,64.4662,11.4957,0.03,93,75,8.75,NO,1708417179
240,nuuk,64.1835,-51.7216,4.34,45,40,6.69,GL,1708417180
241,lesnoy,57.6198,63.0784,-12.12,83,100,4.22,RU,1708417180
242,cozumel,20.5083,-86.9458,21.08,88,0,3.6,MX,1708417181
243,port macquarie,-31.4333,152.9167,22.72,86,44,2.36,AU,1708417075
244,ryotsu-minato,38.0833,138.4333,3.92,78,100,6.7,JP,1708417182
245,karachi,24.9056,67.0822,28.9,21,20,5.14,PK,1708417024
246,churapcha,62.0025,132.4325,-31.43,95,100,2.58,RU,1708417183
247,san antonio de pale,-1.4014,5.6325,28.96,77,92,5.06,GQ,1708417184
248,clifton,40.8584,-74.1638,-1.28,58,0,4.12,US,1708417082
249,barcelos,41.5388,-8.6151,14.08,80,1,2.01,PT,1708417185
250,yallahs,17.8748,-76.5624,25.85,86,2,1.75,JM,1708417186
251,el bauga,18.262,33.9081,25.28,25,7,6.99,SD,1708417186
252,bardai,11.65,7.2333,25.87,11,4,4.5,NG,1708417187
253,kenora,49.8167,-94.4337,-6.46,53,0,3.6,CA,1708417188
254,cill airne,52.05,-9.5167,12.03,87,100,7.72,IE,1708417188
255,sokoni,-6.4333,39.55,29.46,76,56,3.95,TZ,1708417189
256,galle,6.0367,80.217,30.71,64,6,3.13,LK,1708417190
257,namibe,-15.1961,12.1522,27.36,52,94,2.86,AO,1708417190
258,puerto aysen,-45.4,-72.7,12.58,99,41,1.64,CL,1708417191
259,mount gambier,-37.8333,140.7667,24.19,48,98,1.93,AU,1708417191
260,fort st. john,56.2499,-120.8529,-5.06,63,20,1.54,CA,1708417192
261,haiku-pauwela,20.9219,-156.3051,21.13,71,40,6.17,US,1708417193
262,palmerston,-12.486,130.9833,30.58,78,75,5.66,AU,1708417193
263,hadibu,12.65,54.0333,26.41,55,30,1.6,YE,1708417194
264,alice springs,-23.7,133.8833,36.75,20,40,4.63,AU,1708417195
265,maceio,-9.6658,-35.7353,25.69,100,20,1.03,BR,1708416922
266,saint-philippe,-21.3585,55.7679,29.77,85,69,7.16,RE,1708417196
267,agadez,19.75,10.25,19.24,16,0,3.74,NE,1708417196
268,hempstead,40.7062,-73.6187,-1.21,55,0,4.63,US,1708417197
269,newman,37.3138,-121.0208,13.13,77,3,1.34,US,1708417198
270,selfoss,63.9331,-20.9971,1.14,88,91,1.14,IS,1708417198
271,la passe,45.5549,-0.8967,9.99,90,71,0.78,FR,1708417199
272,concordia,-31.393,-58.0209,21.55,96,0,1.79,AR,1708417199
273,nizhneangarsk,55.7833,109.55,-26.11,90,100,1.79,RU,1708417200
274,mugia,43.1041,-9.2179,13.42,79,96,1.78,ES,1708417201
275,susuman,62.7833,148.1667,-34.45,97,100,1.34,RU,1708417202
276,naze,28.3667,129.4833,21.51,78,54,5.83,JP,1708417202
277,kapit,2.0167,112.9333,34.4,50,54,0.64,MY,1708417204
278,mazagao,-0.115,-51.2894,24.03,95,71,1.54,BR,1708417205
279,tamanrasset,22.785,5.5228,15.95,17,0,8.75,DZ,1708417206
280,al kharj,24.155,47.3346,21.32,22,6,4.26,SA,1708417206
281,khandyga,62.6667,135.6,-33.28,99,100,0.32,RU,1708417207
282,bengkulu,-3.8004,102.2655,28.59,82,100,1.97,ID,1708417208
283,streator,41.1209,-88.8354,0.87,92,3,3.37,US,1708417208
284,eregli,37.5133,34.0467,5.71,54,6,1.51,TR,1708417209
285,thinadhoo,0.5333,72.9333,28.31,82,31,5.03,MV,1708417210
286,prado,-17.3411,-39.2208,24.67,88,99,4.41,BR,1708417211
287,alofi,-19.0595,-169.9187,26.94,94,75,3.09,NU,1708417211
288,bedesa,8.9,40.7833,24.95,41,96,1.07,ET,1708417041
289,arraial do cabo,-22.9661,-42.0278,19.98,100,100,0.0,BR,1708417213
290,puerto ayora,-0.7393,-90.3518,24.75,98,100,0.89,EC,1708417213
291,crestview,30.7621,-86.5705,6.6,84,0,1.54,US,1708417214
292,cole harbour,44.6724,-63.4751,-8.29,67,18,3.12,CA,1708417215
293,soe,-9.8607,124.284,26.7,65,84,3.14,ID,1708417215
294,katsuren-haebaru,26.3369,127.8719,25.22,75,100,4.12,JP,1708417216
295,suva,-18.1416,178.4415,24.71,100,75,1.03,FJ,1708417217
296,penon blanco,24.7897,-104.0369,14.17,36,0,1.67,MX,1708417218
297,kandiaro,27.0601,68.2091,29.43,11,0,2.33,PK,1708417220
298,el calafate,-50.3408,-72.2768,13.22,85,72,3.66,AR,1708417221
299,klyuchi,52.2667,79.1667,-20.98,81,6,2.73,RU,1708417222
300,childersburg,33.2782,-86.355,6.7,93,100,0.0,US,1708417223
301,kristiansund,63.1115,7.732,4.36,70,75,2.06,NO,1708417224
302,sudak,44.85,34.9667,3.19,63,93,1.87,UA,1708417225
303,cabedelo,-6.9811,-34.8339,25.37,82,78,1.97,BR,1708417226
304,goz beida,13.95,20.55,28.46,9,10,6.65,TD,1708417228
305,outokumpu,62.7269,29.0159,-5.06,92,100,3.63,FI,1708417229
306,rhinelander,45.6366,-89.4121,-2.16,74,0,2.57,US,1708417011
307,laojunmiao,39.8333,97.7333,-10.01,56,100,4.76,CN,1708416968
308,ceeldheer,3.8488,47.1806,29.98,46,60,7.49,SO,1708417231
309,qamdo,31.1667,97.2333,1.09,29,100,6.74,CN,1708417232
310,kavieng,-2.5744,150.7967,28.69,78,85,4.11,PG,1708417233
311,saint-joseph,-21.3667,55.6167,29.21,80,41,6.77,RE,1708417234
312,ippy,6.2679,21.2247,32.73,13,90,3.38,CF,1708417235
313,chulakkurgan,43.765,69.1814,-1.53,48,95,2.21,KZ,1708417236
314,fort mcmurray,56.7268,-111.381,-14.23,78,0,1.03,CA,1708417237
315,chibougamau,49.9168,-74.3659,-26.21,76,100,0.0,CA,1708417238
316,mil'kovo,55.6078,37.7956,-6.48,93,98,3.63,RU,1708417238
317,malango,-2.9627,119.9001,25.88,87,90,0.93,ID,1708417239
318,talara,-4.5772,-81.2719,25.04,85,100,3.1,PE,1708417240
319,hermanus,-34.4187,19.2345,24.19,63,39,6.12,ZA,1708417241
320,aurora,39.7294,-104.8319,6.85,42,0,5.66,US,1708416960
321,bologoye,57.8799,34.1068,-7.75,86,96,3.92,RU,1708417242
322,poronaysk,49.2167,143.1167,-18.9,80,81,2.4,RU,1708417243
323,saldanha,-33.0117,17.9442,22.03,79,56,3.44,ZA,1708417243
324,kargasok,59.0556,80.8572,-18.35,76,17,4.92,RU,1708417244
325,fort bragg,35.139,-79.006,4.9,83,0,0.89,US,1708417244
326,skeldon,5.8833,-57.1333,23.63,88,100,2.67,GY,1708417245
327,arteche,12.2645,125.4048,26.98,70,77,4.28,PH,1708417246
328,coquimbo,-29.9533,-71.3436,16.85,94,40,2.06,CL,1708417246
329,alavus,62.5833,23.6167,-0.37,97,100,3.08,FI,1708417248
330,pisco,-13.7,-76.2167,24.03,83,20,1.03,PE,1708417248
331,moree,-29.4667,149.85,31.07,33,64,2.5,AU,1708417249
332,okhotsk,59.3833,143.3,-26.78,84,62,4.91,RU,1708417249
333,griffith,41.5284,-87.4237,1.96,85,0,0.0,US,1708417250
334,caleta de carquin,-11.0925,-77.6267,23.74,83,95,2.82,PE,1708417039
335,zelenogorskiy,55.0333,87.0,-19.39,82,6,1.26,RU,1708417251
336,madera,37.1666,-119.8343,11.22,85,78,2.82,US,1708417081
337,cienfuegos,22.1461,-80.4356,14.08,100,0,1.54,CU,1708417252
338,shanga,11.2106,4.5788,29.06,11,37,3.54,NG,1708417253
339,yakeshi,49.2833,120.7333,-24.25,92,99,6.7,CN,1708416964
340,pankovka,58.5,31.1999,-6.05,85,100,4.05,RU,1708417254
341,popondetta,-8.7537,148.2534,26.09,93,93,1.02,PG,1708417255
342,mount isa,-20.7333,139.5,32.87,46,40,2.57,AU,1708417255
343,ambovombe,-25.1667,46.0833,27.41,54,3,3.33,MG,1708416957
344,necochea,-38.5473,-58.7368,17.17,88,0,3.3,AR,1708417257
345,damaturu,11.747,11.9608,28.21,11,7,4.25,NG,1708417257
346,shushenskoye,53.325,91.9356,-22.27,85,98,0.69,RU,1708417258
347,nadi,-17.8,177.4167,28.0,89,75,2.06,FJ,1708417258
348,rio grande,-32.035,-52.0986,19.41,78,16,4.0,BR,1708417259
349,carbonear,47.7332,-53.2148,-3.09,85,70,9.07,CA,1708417260
350,zyryanovsk,49.7386,84.2719,-25.37,85,7,0.76,KZ,1708417260
351,ati,13.2154,18.3353,30.88,9,9,5.87,TD,1708417261
352,vidyayevo,69.3191,32.8049,-8.47,73,63,5.14,RU,1708417261
353,qarazhal,48.0078,70.7903,-18.8,68,4,6.56,KZ,1708417262
354,perugorria,-29.3413,-58.6106,20.8,85,0,2.76,AR,1708417263
355,monte alegre,-2.0078,-54.0692,23.33,78,99,1.16,BR,1708417263
356,floro,61.5996,5.0328,5.98,87,75,7.2,NO,1708417264
357,zyryanskoye,56.8306,86.6258,-19.48,79,60,0.56,RU,1708417265
358,hirara,24.8,125.2833,25.15,83,75,6.17,JP,1708417265
359,mount pearl,47.5166,-52.7813,-3.81,90,75,8.75,CA,1708417091
360,karratha,-20.7377,116.8463,34.09,47,76,6.93,AU,1708417032
361,jackson,42.4165,-122.8345,10.58,84,40,3.13,US,1708417267
362,al jawf,29.5,38.75,12.35,57,0,1.67,SA,1708417268
363,bakanas,44.8081,76.2772,-15.12,47,100,5.42,KZ,1708417268
364,bloomington,44.8408,-93.2983,3.18,65,40,4.12,US,1708417269
365,thames,-37.1333,175.5333,17.37,71,0,2.52,NZ,1708417270
366,pastavy,55.1168,26.8326,-1.81,93,100,5.75,BY,1708417270
367,llanes,43.4198,-4.7549,11.15,65,15,1.6,ES,1708417271
368,kruisfontein,-34.0033,24.7314,29.94,30,21,2.63,ZA,1708417272
369,chui,-33.6971,-53.4616,19.55,89,1,2.13,UY,1708417272
370,lihue,21.9789,-159.3672,22.77,66,100,5.14,US,1708417273
371,machico,32.7,-16.7667,17.62,75,40,6.69,PT,1708417274
372,sosnovo-ozerskoye,52.5249,111.5418,-20.29,74,40,6.46,RU,1708417275
373,sheridan,44.8333,-106.9173,2.39,74,0,1.54,US,1708417078
374,carnarvon,-24.8667,113.6333,31.05,51,100,9.36,AU,1708417276
375,gizo,-8.103,156.8419,28.11,82,100,6.37,SB,1708417279
376,nikolayevsk-on-amure,53.1406,140.73,-24.16,75,29,6.29,RU,1708417280
377,lata,40.1629,-8.3327,9.95,71,0,1.93,PT,1708417281
378,crane,31.3974,-102.3501,13.58,39,9,3.23,US,1708417281
379,les anglais,18.3054,-74.2197,23.4,83,0,1.29,HT,1708417282
380,severo-yeniseyskiy,60.3725,93.0408,-21.9,84,100,4.02,RU,1708417283
381,priargunsk,50.3691,119.1012,-22.78,85,2,2.53,RU,1708417284
382,cabo san lucas,22.8909,-109.9124,21.4,54,0,0.45,MX,1708417284
383,belfast,54.5833,-5.9333,10.9,84,100,8.75,GB,1708417086
384,soio,-6.1349,12.3689,25.8,84,100,3.71,AO,1708417286
385,east london,-33.0153,27.9116,27.52,69,20,7.72,ZA,1708417286
386,south hedland,-20.4089,118.5983,32.96,66,78,8.23,AU,1708417287
387,merizo village,13.2658,144.6691,27.31,84,39,8.31,GU,1708417288
388,tanjung pandan,-2.75,107.65,29.65,72,87,3.21,ID,1708417288
389,thunder bay,48.4001,-89.3168,-7.01,68,100,1.54,CA,1708417230
390,dudinka,69.4058,86.1778,-16.85,95,100,11.18,RU,1708417290
391,mao,39.8885,4.2658,13.31,71,20,2.57,ES,1708417290
392,champerico,14.3,-91.9167,26.26,74,11,1.78,GT,1708417291
393,puerto baquerizo moreno,-0.9,-89.6,25.67,86,100,4.03,EC,1708417291
394,kerikeri,-35.2268,173.9474,19.3,88,66,1.43,NZ,1708417292
395,marsh harbour,26.5412,-77.0636,20.18,68,92,9.38,BS,1708417293
396,stephenville,32.2207,-98.2023,12.44,81,0,0.0,US,1708417261
397,ain el bya,35.8039,-0.3018,12.16,84,0,0.76,DZ,1708417294
398,tofol,5.3248,163.0078,28.58,80,100,5.73,FM,1708417295
399,san jose de jachal,-30.2406,-68.7469,24.58,49,69,0.92,AR,1708417295
400,al mawsil al jadidah,36.3346,43.0978,13.99,65,10,3.11,IQ,1708417296
401,petropavl,54.8753,69.1628,-23.01,70,0,5.0,KZ,1708417296
402,polyarnyy,69.1989,33.4478,-5.86,66,89,9.25,RU,1708417025
403,chulym,55.0997,80.9572,-20.66,85,33,1.34,RU,1708417298
404,smithers,54.7804,-127.1743,-0.82,86,100,0.0,CA,1708417298
405,sisimiut,66.9395,-53.6735,-13.65,94,78,6.2,GL,1708417300
406,flying fish cove,-10.4217,105.6791,29.82,70,92,3.6,CX,1708417300
407,fisterra,42.9049,-9.2629,13.77,79,99,3.76,ES,1708417301
408,yelwa,8.8333,9.6333,30.68,13,0,2.03,NG,1708417302
409,ternate,0.8,127.4,27.84,80,94,4.29,ID,1708417302
410,borogontsy,62.6683,131.1683,-33.32,96,100,1.96,RU,1708417303
411,hithadhoo,-0.6,73.0833,28.33,81,100,5.05,MV,1708417303
412,i-n-salah,27.1935,2.4607,17.3,38,0,9.71,DZ,1708417304
413,villa huidobro,-34.8383,-64.5869,19.08,69,29,2.91,AR,1708417305
414,libreville,0.3925,9.4537,28.74,78,100,3.07,GA,1708417305
415,baglung,28.2719,83.5898,21.97,32,86,1.71,NP,1708417306
416,hargeysa,9.56,44.065,24.24,45,12,5.18,SO,1708417307
417,novyy urgal,51.0736,132.5642,-23.37,73,82,4.16,RU,1708417307
418,amahai,-3.3333,128.9167,29.03,73,82,0.37,ID,1708417308
419,huilong,31.8111,121.655,7.35,90,100,5.8,CN,1708417309
420,freetown,8.484,-13.2299,25.84,89,20,1.54,SL,1708417309
421,queenstown,-31.8976,26.8753,30.76,23,0,2.39,ZA,1708417142
422,buyeo,36.2819,126.9125,6.9,86,100,7.22,KR,1708417311
423,platteville,42.7342,-90.4785,2.44,64,0,3.6,US,1708417311
424,kununurra,-15.7667,128.7333,26.99,94,75,2.06,AU,1708417312
425,balezino,57.9796,53.0106,-9.37,92,98,3.39,RU,1708417313
426,forster,-32.1667,152.5167,22.94,85,76,3.28,AU,1708417314
427,ust'-ilimsk,58.0006,102.6619,-18.85,91,100,4.46,RU,1708417315
428,weno,7.4515,151.8468,27.97,69,40,6.69,FM,1708417315
429,saint-pierre,-21.3393,55.4781,29.82,66,40,12.35,RE,1708417316
430,sitka,57.0531,-135.33,5.94,87,100,3.09,US,1708417317
431,chanute,37.6792,-95.4572,0.06,80,0,0.0,US,1708417317
432,carutapera,-1.195,-46.02,24.89,87,99,4.01,BR,1708417026
433,basco,20.4487,121.9702,25.35,78,77,9.62,PH,1708417319
434,koysinceq,36.0821,44.6278,11.91,63,15,1.93,IQ,1708417319
435,richards bay,-28.783,32.0377,29.32,60,10,1.64,ZA,1708417320
436,avanigadda,16.0215,80.9181,32.19,35,6,5.08,IN,1708417321
437,kertih,4.5141,103.4483,31.01,70,40,3.09,MY,1708417039
438,labytnangi,66.6572,66.4183,-10.36,87,79,8.26,RU,1708417322
439,selebi-phikwe,-21.979,27.8498,27.55,48,5,4.7,BW,1708417323
440,port douglas,-16.4833,145.4667,27.94,78,100,3.9,AU,1708417323
441,kirakira,-10.4544,161.9205,27.77,85,100,2.37,SB,1708417324
442,mont-dore,-22.2833,166.5833,25.99,85,86,5.07,NC,1708417325
443,zaysan,47.4667,84.8667,-23.86,91,82,1.85,KZ,1708417326
444,filadelfia,39.9523,-75.1638,-1.08,56,0,4.63,US,1708417268
445,leava,-14.3,-178.1667,28.78,80,100,6.65,WF,1708417328
446,recani,31.2846,-4.2688,14.06,36,100,1.61,MA,1708417328
447,hajipur,25.6833,85.2167,33.99,24,20,4.12,IN,1708417329
448,'ali al gharbi,32.4633,46.6864,19.1,41,34,3.25,IQ,1708417330
449,yarmouth,41.7057,-70.2286,-1.13,59,0,7.6,US,1708417330
450,tadine,-21.55,167.8833,26.07,86,42,7.82,NC,1708417332
451,kattivakkam,13.2167,80.3167,31.17,56,0,5.34,IN,1708417333
452,caravaggio,45.4989,9.6405,13.5,82,31,0.49,IT,1708417334
453,colonia,50.9333,6.95,8.31,89,75,1.54,DE,1708417334
454,zhongshu,24.5167,103.7667,23.65,17,0,11.53,CN,1708417335
455,upata,8.0086,-62.3989,22.33,96,100,1.15,VE,1708417337
456,tazacorte,28.629,-17.9293,17.54,77,75,4.12,ES,1708417337
457,altai,46.3722,96.2583,-21.21,81,15,1.52,MN,1708417338
458,fairbanks,64.8378,-147.7164,-1.0,70,75,3.6,US,1708417339
459,pangkalpinang,-2.1333,106.1333,29.37,75,96,3.27,ID,1708417340
460,arar,30.9753,41.0381,14.01,47,0,4.63,SA,1708417341
461,merritt,50.1123,-120.7942,0.74,95,100,0.45,CA,1708417342
462,nasiriyah,31.0521,46.261,21.08,32,6,3.1,IQ,1708417343
463,keflavik,64.0049,-22.5624,2.24,87,20,4.12,IS,1708417344
464,chabahar,25.2919,60.643,23.72,48,0,5.61,IR,1708417344
465,igarka,67.4667,86.5833,-14.79,93,100,8.29,RU,1708417345
466,torghay,49.6339,63.4981,-16.94,72,57,4.73,KZ,1708417346
467,inhambane,-23.865,35.3833,28.99,54,40,5.66,MZ,1708417346
468,pitogo,13.7847,122.0881,29.81,59,48,3.95,PH,1708417347
469,marion,39.7684,-86.1555,1.4,85,0,2.57,US,1708417348
470,papao,-17.75,-149.55,28.82,82,100,3.1,PF,1708417348
471,kaplice,48.7385,14.4963,6.22,86,100,2.65,CZ,1708417349
472,safonovo,55.15,33.2167,-7.84,91,100,4.47,RU,1708417350
473,coahuayana de hidalgo,18.7,-103.6583,20.82,83,1,1.29,MX,1708417350
474,broken hill,-31.95,141.4333,33.19,12,100,6.39,AU,1708417345
475,ca mau,9.1769,105.15,33.47,43,21,4.65,VN,1708417352
476,yima,34.7381,111.8839,-5.49,92,100,9.62,CN,1708417353
477,mweka,-4.85,21.5667,28.67,61,96,1.69,CD,1708417354
478,tidjikja,18.5564,-11.4271,17.07,28,0,7.74,MR,1708417354
479,kadnikov,59.5022,40.338,-11.77,93,91,4.17,RU,1708417355
480,kolonia,50.9333,6.95,8.31,89,75,1.54,DE,1708417356
481,kas,36.2018,29.6377,15.22,58,100,1.93,TR,1708417356
482,myeik,12.4333,98.6,29.8,54,38,4.56,MM,1708417357
483,antofagasta,-23.65,-70.4,20.84,79,47,0.35,CL,1708417216
484,banda aceh,5.5577,95.3222,28.03,79,87,3.11,ID,1708417358
485,zheshart,62.0731,49.5733,-7.08,85,100,5.55,RU,1708417359
486,mount carmel,38.4109,-87.7614,1.62,72,100,1.98,US,1708417360
487,genhe,50.7833,121.5167,-19.36,77,61,4.88,CN,1708417360
488,markovo,57.3206,107.0881,-19.85,92,100,5.09,RU,1708417361
489,prata,-19.3072,-48.9242,20.08,98,100,2.87,BR,1708417361
490,mendoza,-32.8908,-68.8272,22.74,64,0,1.03,AR,1708417257
491,tralee,52.2704,-9.7026,12.14,87,100,7.72,IE,1708417363
492,glen innes,-29.7333,151.7333,17.03,86,97,2.2,AU,1708417363
493,bairnsdale,-37.8333,147.6167,23.92,67,94,2.24,AU,1708417364
494,amga,60.8953,131.9608,-28.01,93,100,2.65,RU,1708417365
495,kwadukuza,-29.3282,31.2895,25.94,67,13,3.04,ZA,1708417365
496,vanino,49.0869,140.2543,-18.37,65,46,5.94,RU,1708417366
497,bol,13.4586,14.7147,24.92,35,19,4.73,TD,1708417367
498,port isabel,26.0734,-97.2086,15.01,91,0,2.57,US,1708417142
499,kapuskasing,49.4169,-82.4331,-25.95,83,0,1.54,CA,1708417368
500,lukovit,43.2,24.1667,5.7,71,100,0.63,BG,1708417369
501,cidreira,-30.1811,-50.2056,21.93,75,88,0.97,BR,1708417369
502,phan thiet,10.9333,108.1,30.36,57,100,4.77,VN,1708417370
503,shadegan,30.6497,48.6647,19.97,30,0,3.89,IR,1708417371
504,bouarfa,32.53,-1.95,8.85,57,100,2.38,MA,1708417371
505,nassau,40.7507,-73.5829,-1.29,56,0,3.09,US,1708417373
506,kolonia town,6.964,158.206,28.0,83,100,4.63,FM,1708417373
507,kudymkar,59.0173,54.656,-9.23,92,94,4.11,RU,1708417374
508,pizarro,4.9533,-77.366,25.33,93,99,2.83,CO,1708417374
509,toledo,39.8333,-4.0,9.49,55,0,1.11,ES,1708417375
510,holualoa,19.6228,-155.9522,21.91,72,100,0.0,US,1708417376
511,nuku'alofa,-21.1333,-175.2,26.19,94,40,4.63,TO,1708417377
512,le puy-en-velay,45.0437,3.8852,5.41,87,88,3.27,FR,1708417377
513,mahanje,-9.9333,35.3333,25.61,71,57,1.52,TZ,1708417378
514,tarrafal,15.2833,-23.7667,24.44,75,0,6.28,CV,1708417379
515,batticaloa,7.7102,81.6924,28.17,70,24,4.37,LK,1708417379
516,ibiza,38.9088,1.433,13.22,89,0,0.51,ES,1708417380
517,luau,-10.7073,22.2247,21.52,85,55,0.45,AO,1708417381
518,dolinsk,47.35,142.8,-9.04,90,100,3.68,RU,1708417381
519,harstad,68.799,16.5293,-0.34,96,100,4.92,NO,1708417382
520,kiunga,-6.1219,141.2906,26.37,88,99,1.11,PG,1708417383
521,pudasjarvi,65.3833,26.9167,-2.02,92,100,3.45,FI,1708417388
522,rawson,-43.3002,-65.1023,20.79,58,91,8.92,AR,1708417389
523,oranjemund,-28.55,16.4333,20.73,77,60,3.37,NA,1708417389
524,nova xavantina,-14.6667,-52.35,22.69,98,100,1.77,BR,1708417390
525,ta`u,-14.2336,-169.5144,28.52,79,100,7.62,AS,1708417391
526,portland,45.5234,-122.6762,7.94,88,75,4.63,US,1708416816
527,zaozersk,69.4005,32.4476,-8.93,77,79,3.39,RU,1708417392
528,alliance,40.9153,-81.1059,-2.06,83,29,2.4,US,1708417393
529,loreto,22.2667,-101.9667,13.43,25,0,1.74,MX,1708417394
530,kaohsiung,22.6163,120.3133,28.05,71,20,7.2,TW,1708417322
531,arkalyk,50.2486,66.9114,-18.15,72,66,6.58,KZ,1708417395
532,banff,51.1762,-115.5698,-1.43,68,100,2.06,CA,1708417395
533,villa regina,-39.1,-67.0667,26.66,20,100,0.89,AR,1708417396
534,prabuty,53.755,19.2055,5.77,91,100,2.24,PL,1708417397
535,at taj,24.2049,23.2857,15.61,31,100,5.9,LY,1708417397
536,seaside,36.6111,-121.8516,14.76,83,0,5.36,US,1708417230
537,ardabil,38.2498,48.2933,3.75,60,40,4.12,IR,1708417145
538,roccella ionica,38.322,16.4009,13.87,73,100,3.94,IT,1708417399
539,bollnas,61.3482,16.3946,-5.29,97,65,1.32,SE,1708417372
540,bambanglipuro,-7.95,110.2833,30.18,72,84,3.06,ID,1708417401
541,vernon,50.2581,-119.2691,3.12,93,100,1.03,CA,1708417215
542,timberlake,37.3207,-79.2575,1.34,71,0,2.06,US,1708417402
543,lewistown,40.5992,-77.5714,-4.59,100,12,1.61,US,1708417403
544,illapel,-31.6308,-71.1653,18.05,85,100,1.54,CL,1708417403
545,dali,25.7,100.1833,18.74,28,10,6.3,CN,1708417405
546,rongelap,11.1635,166.8941,26.65,84,98,8.26,MH,1708417405
547,changtu,42.7788,124.0955,-11.42,43,100,4.98,CN,1708417406
548,cariamanga,-4.3333,-79.55,12.34,98,100,1.37,EC,1708417407
549,cedartown,34.0537,-85.255,4.84,68,36,0.71,US,1708417407
550,kavaratti,10.5669,72.642,28.49,69,8,3.49,IN,1708417408
551,chiguayante,-36.9167,-73.0167,13.29,94,100,1.03,CL,1708417408
552,bubaque,11.2833,-15.8333,25.74,71,85,5.04,GW,1708417409
553,layyah,30.9613,70.939,23.64,17,3,3.35,PK,1708417410
554,mejit,10.2753,170.8646,27.11,83,77,7.55,MH,1708417410
555,itoman,26.1247,127.6694,25.22,83,20,6.17,JP,1708417411
556,mattanur,11.9167,75.5833,35.98,36,3,4.08,IN,1708417412
557,ulsteinvik,62.3432,5.8487,7.5,83,100,4.96,NO,1708417413
558,culiacan,24.7994,-107.3897,17.24,43,0,2.08,MX,1708416862
559,ad-damazin,11.7891,34.3592,31.06,18,9,3.73,SD,1708417414
560,aberystwyth,52.4155,-4.0829,9.84,87,100,6.47,GB,1708417415
561,mahajanga,-15.7167,46.3167,32.01,66,20,2.57,MG,1708417415
562,zuunmod,47.7069,106.9528,-25.43,87,2,1.8,MN,1708417416
563,fortuna,40.5982,-124.1573,11.19,94,100,5.14,US,1708417417
564,remire-montjoly,4.9167,-52.2667,26.02,83,75,2.57,GF,1708417418
565,neiafu,-18.65,-173.9833,27.5,85,100,6.75,TO,1708417418
566,potam,27.6,-110.3833,17.01,42,1,2.27,MX,1708417419
567,namdrik,5.5994,168.1028,28.08,82,100,6.28,MH,1708417420
568,zavodskoy,43.4597,132.2922,-7.23,34,92,4.0,RU,1708417420
569,kurmuk,10.55,34.2833,34.45,13,54,2.34,SD,1708417421
570,kibre mengist,5.8833,38.9833,27.33,31,68,3.12,ET,1708417422
571,guajara mirim,-10.7828,-65.3394,23.36,97,100,1.12,BR,1708417422
572,luorong,24.4058,109.6086,29.65,53,100,8.78,CN,1708417423
573,ostrov,57.3439,28.3537,-2.15,83,100,4.22,RU,1708417423
574,troitskoye,52.9821,84.6757,-19.51,84,59,2.1,RU,1708417424
575,beltran,-27.8291,-64.061,21.54,57,11,2.11,AR,1708417425
576,turpan,42.9333,89.1667,-1.06,17,100,0.97,CN,1708417425
577,turkmenbasy,40.0222,52.9552,3.43,56,75,6.17,TM,1708417426
